1676005869.6082726,deeplabv3_resnet50,224,cuda,000000000001.jpg,1101.9816398620605
1676005869.6082726,deeplabv3_resnet50,224,cuda,000000000016.jpg,2702.195405960083
1676005869.6082726,deeplabv3_resnet50,224,cuda,000000000019.jpg,428.12156677246094
1676005869.6082726,deeplabv3_resnet50,224,cuda,000000000057.jpg,387.972354888916
1676005869.6082726,deeplabv3_resnet50,224,cuda,000000000063.jpg,384.00721549987793
1676005934.7574346,deeplabv3_resnet50,224,cuda,000000000001.jpg,1087.1307849884033
1676005934.7574346,deeplabv3_resnet50,224,cuda,000000000016.jpg,2692.40140914917
1676005934.7574346,deeplabv3_resnet50,224,cuda,000000000019.jpg,444.0145492553711
1676005934.7574346,deeplabv3_resnet50,224,cuda,000000000057.jpg,395.9662914276123
1676005934.7574346,deeplabv3_resnet50,224,cuda,000000000063.jpg,400.06208419799805
1676006011.9832726,deeplabv3_resnet50,224,cuda,000000000001.jpg,1092.4949645996094
1676006011.9832726,deeplabv3_resnet50,224,cuda,000000000016.jpg,4943.047761917114
1676006011.9832726,deeplabv3_resnet50,224,cuda,000000000019.jpg,135.9555721282959
1676006011.9832726,deeplabv3_resnet50,224,cuda,000000000057.jpg,160.0487232208252
1676006011.9832726,deeplabv3_resnet50,224,cuda,000000000063.jpg,124.06015396118164
1676006033.5497067,deeplabv3_resnet50,224,cuda,000000000001.jpg,0.3447532653808594
1676006033.5497067,deeplabv3_resnet50,224,cuda,000000000016.jpg,2570.5578327178955
1676006033.5497067,deeplabv3_resnet50,224,cuda,000000000019.jpg,127.92396545410156
1676006033.5497067,deeplabv3_resnet50,224,cuda,000000000057.jpg,143.83721351623535
1676006033.5497067,deeplabv3_resnet50,224,cuda,000000000063.jpg,120.14365196228027
1676006033.5497067,deeplabv3_resnet50,224,cuda,000000000069.jpg,147.94683456420898
1676006033.5497067,deeplabv3_resnet50,224,cuda,000000000080.jpg,164.08514976501465
1676006033.5497067,deeplabv3_resnet50,224,cuda,000000000090.jpg,175.978422164917
1676006033.5497067,deeplabv3_resnet50,224,cuda,000000000106.jpg,136.02757453918457
1676006033.5497067,deeplabv3_resnet50,224,cuda,000000000108.jpg,123.99983406066895
1676006033.5497067,deeplabv3_resnet50,224,cuda,000000000128.jpg,187.93177604675293
1676006033.5497067,deeplabv3_resnet50,224,cuda,000000000155.jpg,124.0689754486084
1676006033.5497067,deeplabv3_resnet50,224,cuda,000000000161.jpg,179.97121810913086
1676006033.5497067,deeplabv3_resnet50,224,cuda,000000000171.jpg,128.021240234375
1676006033.5497067,deeplabv3_resnet50,224,cuda,000000000178.jpg,183.98427963256836
1676006075.5848925,deeplabv3_resnet50,224,cuda,000000000001.jpg,1100.8598804473877
1676006075.5848925,deeplabv3_resnet50,224,cuda,000000000016.jpg,4838.747501373291
1676006075.5848925,deeplabv3_resnet50,224,cuda,000000000019.jpg,135.98155975341797
1676006075.5848925,deeplabv3_resnet50,224,cuda,000000000057.jpg,152.0366668701172
1676006075.5848925,deeplabv3_resnet50,224,cuda,000000000063.jpg,123.98386001586914
1676006075.5848925,deeplabv3_resnet50,224,cuda,000000000069.jpg,155.96437454223633
1676006075.5848925,deeplabv3_resnet50,224,cuda,000000000080.jpg,167.9556369781494
1676006075.5848925,deeplabv3_resnet50,224,cuda,000000000090.jpg,168.06316375732422
1676006075.5848925,deeplabv3_resnet50,224,cuda,000000000106.jpg,152.03046798706055
1676006075.5848925,deeplabv3_resnet50,224,cuda,000000000108.jpg,127.98070907592773
1676006075.5848925,deeplabv3_resnet50,224,cuda,000000000128.jpg,184.00216102600098
1676006075.5848925,deeplabv3_resnet50,224,cuda,000000000155.jpg,123.97003173828125
1676006075.5848925,deeplabv3_resnet50,224,cuda,000000000161.jpg,179.99887466430664
1676006075.5848925,deeplabv3_resnet50,224,cuda,000000000171.jpg,128.0348300933838
1676006075.5848925,deeplabv3_resnet50,224,cuda,000000000178.jpg,176.04899406433105
1676006098.8595605,deeplabv3_resnet50,224,cuda,000000000001.jpg,1087.8987312316895
1676006098.8595605,deeplabv3_resnet50,224,cuda,000000000016.jpg,3532.688617706299
1676006098.8595605,deeplabv3_resnet50,224,cuda,000000000019.jpg,148.00405502319336
1676006098.8595605,deeplabv3_resnet50,224,cuda,000000000057.jpg,151.9322395324707
1676006098.8595605,deeplabv3_resnet50,224,cuda,000000000063.jpg,148.0093002319336
1676006098.8595605,deeplabv3_resnet50,224,cuda,000000000069.jpg,160.05778312683105
1676006098.8595605,deeplabv3_resnet50,224,cuda,000000000080.jpg,195.91236114501953
1676006098.8595605,deeplabv3_resnet50,224,cuda,000000000090.jpg,200.00386238098145
1676006098.8595605,deeplabv3_resnet50,224,cuda,000000000106.jpg,144.09828186035156
1676006098.8595605,deeplabv3_resnet50,224,cuda,000000000108.jpg,159.97576713562012
1676006098.8595605,deeplabv3_resnet50,224,cuda,000000000128.jpg,148.01526069641113
1676006098.8595605,deeplabv3_resnet50,224,cuda,000000000155.jpg,143.9361572265625
1676006098.8595605,deeplabv3_resnet50,224,cuda,000000000161.jpg,200.10972023010254
1676006098.8595605,deeplabv3_resnet50,224,cuda,000000000171.jpg,143.96095275878906
1676006098.8595605,deeplabv3_resnet50,224,cuda,000000000178.jpg,184.08846855163574
1676006201.5770092,deeplabv3_resnet50,224,cuda,000000000001.jpg,1083.1685066223145
1676006201.5770092,deeplabv3_resnet50,224,cuda,000000000016.jpg,4840.069770812988
1676006201.5770092,deeplabv3_resnet50,224,cuda,000000000019.jpg,131.9296360015869
1676006201.5770092,deeplabv3_resnet50,224,cuda,000000000057.jpg,156.0955047607422
1676006201.5770092,deeplabv3_resnet50,224,cuda,000000000063.jpg,123.94356727600098
1676006201.5770092,deeplabv3_resnet50,224,cuda,000000000069.jpg,140.0167942047119
1676006201.5770092,deeplabv3_resnet50,224,cuda,000000000080.jpg,164.01934623718262
1676006201.5770092,deeplabv3_resnet50,224,cuda,000000000090.jpg,171.91004753112793
1676006201.5770092,deeplabv3_resnet50,224,cuda,000000000106.jpg,132.002592086792
1676006201.5770092,deeplabv3_resnet50,224,cuda,000000000108.jpg,128.0832290649414
1676006201.5770092,deeplabv3_resnet50,224,cuda,000000000128.jpg,135.98251342773438
1676006201.5770092,deeplabv3_resnet50,224,cuda,000000000155.jpg,123.98624420166016
1676006201.5770092,deeplabv3_resnet50,224,cuda,000000000161.jpg,183.95304679870605
1676006201.5770092,deeplabv3_resnet50,224,cuda,000000000171.jpg,124.0391731262207
1676006201.5770092,deeplabv3_resnet50,224,cuda,000000000178.jpg,171.9672679901123
1676006232.7093863,deeplabv3_resnet50,224,cuda,000000000001.jpg,1101.4349460601807
1676006232.7093863,deeplabv3_resnet50,224,cuda,000000000016.jpg,2730.1721572875977
1676006232.7093863,deeplabv3_resnet50,224,cuda,000000000019.jpg,432.0359230041504
1676006232.7093863,deeplabv3_resnet50,224,cuda,000000000057.jpg,391.934871673584
1676006232.7093863,deeplabv3_resnet50,224,cuda,000000000063.jpg,383.98194313049316
1676006232.7093863,deeplabv3_resnet50,224,cuda,000000000069.jpg,392.02880859375
1676006232.7093863,deeplabv3_resnet50,224,cuda,000000000080.jpg,427.9618263244629
1676006232.7093863,deeplabv3_resnet50,224,cuda,000000000090.jpg,432.0261478424072
1676006232.7093863,deeplabv3_resnet50,224,cuda,000000000106.jpg,392.0016288757324
1676006232.7093863,deeplabv3_resnet50,224,cuda,000000000108.jpg,387.99333572387695
1676006232.7093863,deeplabv3_resnet50,224,cuda,000000000128.jpg,388.04078102111816
1676006232.7093863,deeplabv3_resnet50,224,cuda,000000000155.jpg,391.9847011566162
1676006232.7093863,deeplabv3_resnet50,224,cuda,000000000161.jpg,432.04259872436523
1676006232.7093863,deeplabv3_resnet50,224,cuda,000000000171.jpg,383.8989734649658
1676006232.7093863,deeplabv3_resnet50,224,cuda,000000000178.jpg,428.0102252960205
1676006392.2782629,deeplabv3_resnet50,224,cuda,000000000001.jpg,1091.6128158569336
1676006392.2782629,deeplabv3_resnet50,224,cuda,000000000016.jpg,4871.065855026245
1676006392.2782629,deeplabv3_resnet50,224,cuda,000000000019.jpg,131.98041915893555
1676006392.2782629,deeplabv3_resnet50,224,cuda,000000000057.jpg,156.05950355529785
1676006392.2782629,deeplabv3_resnet50,224,cuda,000000000063.jpg,123.91066551208496
1676006392.2782629,deeplabv3_resnet50,224,cuda,000000000069.jpg,140.12646675109863
1676006392.2782629,deeplabv3_resnet50,224,cuda,000000000080.jpg,163.85674476623535
1676006392.2782629,deeplabv3_resnet50,224,cuda,000000000090.jpg,168.0886745452881
1676006392.2782629,deeplabv3_resnet50,224,cuda,000000000106.jpg,127.95448303222656
1676006392.2782629,deeplabv3_resnet50,224,cuda,000000000108.jpg,132.01498985290527
1676006392.2782629,deeplabv3_resnet50,224,cuda,000000000128.jpg,143.998384475708
1676006392.2782629,deeplabv3_resnet50,224,cuda,000000000155.jpg,119.99869346618652
1676006392.2782629,deeplabv3_resnet50,224,cuda,000000000161.jpg,176.00750923156738
1676006392.2782629,deeplabv3_resnet50,224,cuda,000000000171.jpg,120.01347541809082
1676006392.2782629,deeplabv3_resnet50,224,cuda,000000000178.jpg,172.03521728515625
1676006607.4241438,deeplabv3_resnet50,224,cuda,000000000001.jpg,1101.7084121704102
1676006607.4241438,deeplabv3_resnet50,224,cuda,000000000016.jpg,4879.057884216309
1676006607.4241438,deeplabv3_resnet50,224,cuda,000000000019.jpg,132.00139999389648
1676006607.4241438,deeplabv3_resnet50,224,cuda,000000000057.jpg,156.0232639312744
1676006607.4241438,deeplabv3_resnet50,224,cuda,000000000063.jpg,119.92573738098145
1676006607.4241438,deeplabv3_resnet50,224,cuda,000000000069.jpg,136.08527183532715
1676006607.4241438,deeplabv3_resnet50,224,cuda,000000000080.jpg,167.90461540222168
1676006607.4241438,deeplabv3_resnet50,224,cuda,000000000090.jpg,164.07084465026855
1676006607.4241438,deeplabv3_resnet50,224,cuda,000000000106.jpg,131.98041915893555
1676006607.4241438,deeplabv3_resnet50,224,cuda,000000000108.jpg,127.95805931091309
1676006607.4241438,deeplabv3_resnet50,224,cuda,000000000128.jpg,180.07993698120117
1676006607.4241438,deeplabv3_resnet50,224,cuda,000000000155.jpg,123.94285202026367
1676006607.4241438,deeplabv3_resnet50,224,cuda,000000000161.jpg,176.04756355285645
1676006607.4241438,deeplabv3_resnet50,224,cuda,000000000171.jpg,123.98147583007812
1676006607.4241438,deeplabv3_resnet50,224,cuda,000000000178.jpg,175.95314979553223
1676006617.985738,deeplabv3_resnet50,224,cuda,000000000001.jpg,0.3578662872314453
1676006617.985738,deeplabv3_resnet50,224,cuda,000000000016.jpg,2574.613571166992
1676006617.985738,deeplabv3_resnet50,224,cuda,000000000019.jpg,124.13382530212402
1676006617.985738,deeplabv3_resnet50,224,cuda,000000000057.jpg,135.9419822692871
1676006617.985738,deeplabv3_resnet50,224,cuda,000000000063.jpg,120.03397941589355
1676006617.985738,deeplabv3_resnet50,224,cuda,000000000069.jpg,136.05427742004395
1676006617.985738,deeplabv3_resnet50,224,cuda,000000000080.jpg,163.89060020446777
1676006617.985738,deeplabv3_resnet50,224,cuda,000000000090.jpg,167.99283027648926
1676006617.985738,deeplabv3_resnet50,224,cuda,000000000106.jpg,132.063627243042
1676006617.985738,deeplabv3_resnet50,224,cuda,000000000108.jpg,128.02410125732422
1676006617.985738,deeplabv3_resnet50,224,cuda,000000000128.jpg,132.02643394470215
1676006617.985738,deeplabv3_resnet50,224,cuda,000000000155.jpg,123.95167350769043
1676006617.985738,deeplabv3_resnet50,224,cuda,000000000161.jpg,180.02939224243164
1676006617.985738,deeplabv3_resnet50,224,cuda,000000000171.jpg,119.9960708618164
1676006617.985738,deeplabv3_resnet50,224,cuda,000000000178.jpg,167.97113418579102
1676006658.6852384,deeplabv3_resnet50,224,cuda,000000000001.jpg,1075.502872467041
1676006658.6852384,deeplabv3_resnet50,224,cuda,000000000016.jpg,4890.901565551758
1676006658.6852384,deeplabv3_resnet50,224,cuda,000000000019.jpg,131.96158409118652
1676006658.6852384,deeplabv3_resnet50,224,cuda,000000000057.jpg,144.07658576965332
1676006658.6852384,deeplabv3_resnet50,224,cuda,000000000063.jpg,123.88777732849121
1676006658.6852384,deeplabv3_resnet50,224,cuda,000000000069.jpg,135.98251342773438
1676006658.6852384,deeplabv3_resnet50,224,cuda,000000000080.jpg,163.96570205688477
1676006658.6852384,deeplabv3_resnet50,224,cuda,000000000090.jpg,176.12218856811523
1676006658.6852384,deeplabv3_resnet50,224,cuda,000000000106.jpg,131.97684288024902
1676006658.6852384,deeplabv3_resnet50,224,cuda,000000000108.jpg,127.95567512512207
1676006658.6852384,deeplabv3_resnet50,224,cuda,000000000128.jpg,140.10119438171387
1676006658.6852384,deeplabv3_resnet50,224,cuda,000000000155.jpg,123.94380569458008
1676006658.6852384,deeplabv3_resnet50,224,cuda,000000000161.jpg,180.06539344787598
1676006658.6852384,deeplabv3_resnet50,224,cuda,000000000171.jpg,122.79248237609863
1676006658.6852384,deeplabv3_resnet50,224,cuda,000000000178.jpg,165.17090797424316
1676006669.3676865,deeplabv3_resnet50,224,cuda,000000000001.jpg,0.3135204315185547
1676006669.3676865,deeplabv3_resnet50,224,cuda,000000000016.jpg,2560.8580112457275
1676006669.3676865,deeplabv3_resnet50,224,cuda,000000000019.jpg,123.93617630004883
1676006669.3676865,deeplabv3_resnet50,224,cuda,000000000057.jpg,136.14344596862793
1676006669.3676865,deeplabv3_resnet50,224,cuda,000000000063.jpg,119.87113952636719
1676006669.3676865,deeplabv3_resnet50,224,cuda,000000000069.jpg,140.02156257629395
1676006669.3676865,deeplabv3_resnet50,224,cuda,000000000080.jpg,159.96766090393066
1676006669.3676865,deeplabv3_resnet50,224,cuda,000000000090.jpg,172.0566749572754
1676006669.3676865,deeplabv3_resnet50,224,cuda,000000000106.jpg,131.90817832946777
1676006669.3676865,deeplabv3_resnet50,224,cuda,000000000108.jpg,124.0692138671875
1676006669.3676865,deeplabv3_resnet50,224,cuda,000000000128.jpg,180.01055717468262
1676006669.3676865,deeplabv3_resnet50,224,cuda,000000000155.jpg,123.90971183776855
1676006669.3676865,deeplabv3_resnet50,224,cuda,000000000161.jpg,176.1183738708496
1676006669.3676865,deeplabv3_resnet50,224,cuda,000000000171.jpg,127.99930572509766
1676006669.3676865,deeplabv3_resnet50,224,cuda,000000000178.jpg,175.9481430053711
1676006743.5677705,deeplabv3_resnet50,224,cuda,000000000001.jpg,1091.5508270263672
1676006743.5677705,deeplabv3_resnet50,224,cuda,000000000016.jpg,4924.337148666382
1676006743.5677705,deeplabv3_resnet50,224,cuda,000000000019.jpg,140.10953903198242
1676006743.5677705,deeplabv3_resnet50,224,cuda,000000000057.jpg,144.01483535766602
1676006743.5677705,deeplabv3_resnet50,224,cuda,000000000063.jpg,127.98714637756348
1676006743.5677705,deeplabv3_resnet50,224,cuda,000000000069.jpg,143.99194717407227
1676006743.5677705,deeplabv3_resnet50,224,cuda,000000000080.jpg,167.9553985595703
1676006743.5677705,deeplabv3_resnet50,224,cuda,000000000090.jpg,168.060302734375
1676006743.5677705,deeplabv3_resnet50,224,cuda,000000000106.jpg,131.97803497314453
1676006743.5677705,deeplabv3_resnet50,224,cuda,000000000108.jpg,128.0360221862793
1676006743.5677705,deeplabv3_resnet50,224,cuda,000000000128.jpg,144.00506019592285
1676006743.5677705,deeplabv3_resnet50,224,cuda,000000000155.jpg,127.91109085083008
1676006743.5677705,deeplabv3_resnet50,224,cuda,000000000161.jpg,172.03593254089355
1676006743.5677705,deeplabv3_resnet50,224,cuda,000000000171.jpg,124.12595748901367
1676006743.5677705,deeplabv3_resnet50,224,cuda,000000000178.jpg,167.9229736328125
1676006778.1359642,deeplabv3_resnet50,224,cuda,000000000001.jpg,0.2970695495605469
1676006778.1359642,deeplabv3_resnet50,224,cuda,000000000016.jpg,1320.7476139068604
1676006778.1359642,deeplabv3_resnet50,224,cuda,000000000019.jpg,127.79855728149414
1676006778.1359642,deeplabv3_resnet50,224,cuda,000000000057.jpg,132.16590881347656
1676006778.1359642,deeplabv3_resnet50,224,cuda,000000000063.jpg,111.98973655700684
1676006778.1359642,deeplabv3_resnet50,224,cuda,000000000069.jpg,128.0984878540039
1676006778.1359642,deeplabv3_resnet50,224,cuda,000000000080.jpg,163.86985778808594
1676006778.1359642,deeplabv3_resnet50,224,cuda,000000000090.jpg,152.04787254333496
1676006778.1359642,deeplabv3_resnet50,224,cuda,000000000106.jpg,115.95511436462402
1676006778.1359642,deeplabv3_resnet50,224,cuda,000000000108.jpg,116.01758003234863
1676006778.1359642,deeplabv3_resnet50,224,cuda,000000000128.jpg,124.08041954040527
1676006778.1359642,deeplabv3_resnet50,224,cuda,000000000155.jpg,115.9217357635498
1676006778.1359642,deeplabv3_resnet50,224,cuda,000000000161.jpg,156.01658821105957
1676006778.1359642,deeplabv3_resnet50,224,cuda,000000000171.jpg,108.0331802368164
1676006778.1359642,deeplabv3_resnet50,224,cuda,000000000178.jpg,155.95579147338867
1676006792.4157867,deeplabv3_resnet50,224,cuda,000000000001.jpg,0.32711029052734375
1676006792.4157867,deeplabv3_resnet50,224,cuda,000000000016.jpg,1308.6578845977783
1676006792.4157867,deeplabv3_resnet50,224,cuda,000000000019.jpg,115.96918106079102
1676006792.4157867,deeplabv3_resnet50,224,cuda,000000000057.jpg,111.9382381439209
1676006792.4157867,deeplabv3_resnet50,224,cuda,000000000063.jpg,107.91707038879395
1676006792.4157867,deeplabv3_resnet50,224,cuda,000000000069.jpg,112.12396621704102
1676006792.4157867,deeplabv3_resnet50,224,cuda,000000000080.jpg,152.01234817504883
1676006792.4157867,deeplabv3_resnet50,224,cuda,000000000090.jpg,152.0400047302246
1676006792.4157867,deeplabv3_resnet50,224,cuda,000000000106.jpg,107.95950889587402
1676006792.4157867,deeplabv3_resnet50,224,cuda,000000000108.jpg,111.99545860290527
1676006792.4157867,deeplabv3_resnet50,224,cuda,000000000128.jpg,108.01076889038086
1676006792.4157867,deeplabv3_resnet50,224,cuda,000000000155.jpg,116.01018905639648
1676006792.4157867,deeplabv3_resnet50,224,cuda,000000000161.jpg,156.0051441192627
1676006792.4157867,deeplabv3_resnet50,224,cuda,000000000171.jpg,108.01291465759277
1676006792.4157867,deeplabv3_resnet50,224,cuda,000000000178.jpg,156.02684020996094
1676006807.3811502,deeplabv3_resnet50,224,cuda,000000000001.jpg,0.2982616424560547
1676006807.3811502,deeplabv3_resnet50,224,cuda,000000000016.jpg,2587.2859954833984
1676006807.3811502,deeplabv3_resnet50,224,cuda,000000000019.jpg,127.98142433166504
1676006807.3811502,deeplabv3_resnet50,224,cuda,000000000057.jpg,139.9099826812744
1676006807.3811502,deeplabv3_resnet50,224,cuda,000000000063.jpg,124.09639358520508
1676006807.3811502,deeplabv3_resnet50,224,cuda,000000000069.jpg,139.98866081237793
1676006807.3811502,deeplabv3_resnet50,224,cuda,000000000080.jpg,167.9210662841797
1676006807.3811502,deeplabv3_resnet50,224,cuda,000000000090.jpg,168.11609268188477
1676006807.3811502,deeplabv3_resnet50,224,cuda,000000000106.jpg,135.96296310424805
1676006807.3811502,deeplabv3_resnet50,224,cuda,000000000108.jpg,124.04155731201172
1676006807.3811502,deeplabv3_resnet50,224,cuda,000000000128.jpg,183.91847610473633
1676006807.3811502,deeplabv3_resnet50,224,cuda,000000000155.jpg,127.97093391418457
1676006807.3811502,deeplabv3_resnet50,224,cuda,000000000161.jpg,172.10125923156738
1676006807.3811502,deeplabv3_resnet50,224,cuda,000000000171.jpg,119.95840072631836
1676006807.3811502,deeplabv3_resnet50,224,cuda,000000000178.jpg,172.0592975616455
1676006944.9176772,deeplabv3_resnet50,224,cuda,000000000001.jpg,0.32210350036621094
1676006944.9176772,deeplabv3_resnet50,224,cuda,000000000016.jpg,1350.8069515228271
1676006944.9176772,deeplabv3_resnet50,224,cuda,000000000019.jpg,131.9890022277832
1676006944.9176772,deeplabv3_resnet50,224,cuda,000000000057.jpg,124.0234375
1676006944.9176772,deeplabv3_resnet50,224,cuda,000000000063.jpg,115.99516868591309
1676006944.9176772,deeplabv3_resnet50,224,cuda,000000000069.jpg,127.92396545410156
1676006944.9176772,deeplabv3_resnet50,224,cuda,000000000080.jpg,179.97050285339355
1676006944.9176772,deeplabv3_resnet50,224,cuda,000000000090.jpg,164.09039497375488
1676006944.9176772,deeplabv3_resnet50,224,cuda,000000000106.jpg,115.87882041931152
1676006944.9176772,deeplabv3_resnet50,224,cuda,000000000108.jpg,112.09464073181152
1676006944.9176772,deeplabv3_resnet50,224,cuda,000000000128.jpg,160.02821922302246
1676006944.9176772,deeplabv3_resnet50,224,cuda,000000000155.jpg,107.8348159790039
1676006944.9176772,deeplabv3_resnet50,224,cuda,000000000161.jpg,160.07184982299805
1676006944.9176772,deeplabv3_resnet50,224,cuda,000000000171.jpg,116.09792709350586
1676006944.9176772,deeplabv3_resnet50,224,cuda,000000000178.jpg,147.91536331176758
1676006975.3577936,deeplabv3_resnet50,224,cuda,000000000001.jpg,0.26535987854003906
1676006975.3577936,deeplabv3_resnet50,224,cuda,000000000016.jpg,1337.785005569458
1676006975.3577936,deeplabv3_resnet50,224,cuda,000000000019.jpg,120.01395225524902
1676006975.3577936,deeplabv3_resnet50,224,cuda,000000000057.jpg,124.01628494262695
1676006975.3577936,deeplabv3_resnet50,224,cuda,000000000063.jpg,115.98873138427734
1676006975.3577936,deeplabv3_resnet50,224,cuda,000000000069.jpg,115.96441268920898
1676006975.3577936,deeplabv3_resnet50,224,cuda,000000000080.jpg,151.993989944458
1676006975.3577936,deeplabv3_resnet50,224,cuda,000000000090.jpg,160.04395484924316
1676006975.3577936,deeplabv3_resnet50,224,cuda,000000000106.jpg,115.9663200378418
1676006975.3577936,deeplabv3_resnet50,224,cuda,000000000108.jpg,116.04022979736328
1676006975.3577936,deeplabv3_resnet50,224,cuda,000000000128.jpg,156.0077667236328
1676006975.3577936,deeplabv3_resnet50,224,cuda,000000000155.jpg,115.94748497009277
1676006975.3577936,deeplabv3_resnet50,224,cuda,000000000161.jpg,160.01009941101074
1676006975.3577936,deeplabv3_resnet50,224,cuda,000000000171.jpg,116.03856086730957
1676006975.3577936,deeplabv3_resnet50,224,cuda,000000000178.jpg,147.95279502868652
1676007101.6196318,deeplabv3_resnet50,224,cuda,000000000001.jpg,0.2741813659667969
1676007101.6196318,deeplabv3_resnet50,224,cuda,000000000016.jpg,1336.9574546813965
1676007101.6196318,deeplabv3_resnet50,224,cuda,000000000019.jpg,124.01723861694336
1676007101.6196318,deeplabv3_resnet50,224,cuda,000000000057.jpg,127.98333168029785
1676007101.6196318,deeplabv3_resnet50,224,cuda,000000000063.jpg,123.94404411315918
1676007101.6196318,deeplabv3_resnet50,224,cuda,000000000069.jpg,116.07885360717773
1676007101.6196318,deeplabv3_resnet50,224,cuda,000000000080.jpg,155.9145450592041
1676007101.6196318,deeplabv3_resnet50,224,cuda,000000000090.jpg,168.00928115844727
1676007101.6196318,deeplabv3_resnet50,224,cuda,000000000106.jpg,112.02073097229004
1676007101.6196318,deeplabv3_resnet50,224,cuda,000000000108.jpg,112.00594902038574
1676007101.6196318,deeplabv3_resnet50,224,cuda,000000000128.jpg,156.03137016296387
1676007101.6196318,deeplabv3_resnet50,224,cuda,000000000155.jpg,107.98454284667969
1676007101.6196318,deeplabv3_resnet50,224,cuda,000000000161.jpg,159.94739532470703
1676007101.6196318,deeplabv3_resnet50,224,cuda,000000000171.jpg,112.04147338867188
1676007101.6196318,deeplabv3_resnet50,224,cuda,000000000178.jpg,156.01038932800293
1676007278.8612454,deeplabv3_resnet50,224,cuda,000000000001.jpg,0.3001689910888672
1676007278.8612454,deeplabv3_resnet50,224,cuda,000000000016.jpg,2577.2321224212646
1676007278.8612454,deeplabv3_resnet50,224,cuda,000000000019.jpg,131.93988800048828
1676007278.8612454,deeplabv3_resnet50,224,cuda,000000000057.jpg,144.10138130187988
1676007278.8612454,deeplabv3_resnet50,224,cuda,000000000063.jpg,115.92316627502441
1676007278.8612454,deeplabv3_resnet50,224,cuda,000000000069.jpg,116.06764793395996
1676007278.8612454,deeplabv3_resnet50,224,cuda,000000000080.jpg,155.9579372406006
1676007278.8612454,deeplabv3_resnet50,224,cuda,000000000090.jpg,152.00090408325195
1676007278.8612454,deeplabv3_resnet50,224,cuda,000000000106.jpg,112.06531524658203
1676007278.8612454,deeplabv3_resnet50,224,cuda,000000000108.jpg,111.99402809143066
1676007278.8612454,deeplabv3_resnet50,224,cuda,000000000128.jpg,108.05964469909668
1676007278.8612454,deeplabv3_resnet50,224,cuda,000000000155.jpg,107.87463188171387
1676007278.8612454,deeplabv3_resnet50,224,cuda,000000000161.jpg,148.0393409729004
1676007278.8612454,deeplabv3_resnet50,224,cuda,000000000171.jpg,108.02531242370605
1676007278.8612454,deeplabv3_resnet50,224,cuda,000000000178.jpg,147.93920516967773
1676007356.1314256,deeplabv3_resnet50,224,cuda,000000000001.jpg,0.28777122497558594
1676007356.1314256,deeplabv3_resnet50,224,cuda,000000000016.jpg,2518.4082984924316
1676007356.1314256,deeplabv3_resnet50,224,cuda,000000000019.jpg,124.13525581359863
1676007356.1314256,deeplabv3_resnet50,224,cuda,000000000057.jpg,123.97432327270508
1676007356.1314256,deeplabv3_resnet50,224,cuda,000000000063.jpg,108.06131362915039
1676007356.1314256,deeplabv3_resnet50,224,cuda,000000000069.jpg,111.95683479309082
1676007356.1314256,deeplabv3_resnet50,224,cuda,000000000080.jpg,156.00180625915527
1676007356.1314256,deeplabv3_resnet50,224,cuda,000000000090.jpg,147.94397354125977
1676007356.1314256,deeplabv3_resnet50,224,cuda,000000000106.jpg,108.06441307067871
1676007356.1314256,deeplabv3_resnet50,224,cuda,000000000108.jpg,107.96594619750977
1676007356.1314256,deeplabv3_resnet50,224,cuda,000000000128.jpg,108.02650451660156
1676007356.1314256,deeplabv3_resnet50,224,cuda,000000000155.jpg,107.96737670898438
1676007356.1314256,deeplabv3_resnet50,224,cuda,000000000161.jpg,172.05452919006348
1676007356.1314256,deeplabv3_resnet50,224,cuda,000000000171.jpg,123.86131286621094
1676007356.1314256,deeplabv3_resnet50,224,cuda,000000000178.jpg,168.15805435180664
1676007361.4452095,alexnet,224,cuda,000000000001.jpg,820.0984001159668
1676007361.4452095,alexnet,224,cuda,000000000016.jpg,181.66661262512207
1676007361.4452095,alexnet,224,cuda,000000000019.jpg,108.02030563354492
1676007361.4452095,alexnet,224,cuda,000000000057.jpg,107.85412788391113
1676007361.4452095,alexnet,224,cuda,000000000063.jpg,108.12067985534668
1676007361.4452095,alexnet,224,cuda,000000000069.jpg,107.99050331115723
1676007361.4452095,alexnet,224,cuda,000000000080.jpg,155.93743324279785
1676007361.4452095,alexnet,224,cuda,000000000090.jpg,152.07552909851074
1676007361.4452095,alexnet,224,cuda,000000000106.jpg,115.98014831542969
1676007361.4452095,alexnet,224,cuda,000000000108.jpg,107.99407958984375
1676007361.4452095,alexnet,224,cuda,000000000128.jpg,108.10732841491699
1676007361.4452095,alexnet,224,cuda,000000000155.jpg,107.97548294067383
1676007361.4452095,alexnet,224,cuda,000000000161.jpg,152.03213691711426
1676007361.4452095,alexnet,224,cuda,000000000171.jpg,103.92951965332031
1676007361.4452095,alexnet,224,cuda,000000000178.jpg,148.0114459991455
1676007365.1366298,densenet121,224,cuda,000000000001.jpg,558.1908226013184
1676007365.1366298,densenet121,224,cuda,000000000016.jpg,187.32428550720215
1676007365.1366298,densenet121,224,cuda,000000000019.jpg,139.91189002990723
1676007365.1366298,densenet121,224,cuda,000000000057.jpg,144.05059814453125
1676007365.1366298,densenet121,224,cuda,000000000063.jpg,140.08092880249023
1676007365.1366298,densenet121,224,cuda,000000000069.jpg,139.99366760253906
1676007365.1366298,densenet121,224,cuda,000000000080.jpg,179.92758750915527
1676007365.1366298,densenet121,224,cuda,000000000090.jpg,184.0076446533203
1676007365.1366298,densenet121,224,cuda,000000000106.jpg,140.03229141235352
1676007365.1366298,densenet121,224,cuda,000000000108.jpg,139.87398147583008
1676007365.1366298,densenet121,224,cuda,000000000128.jpg,140.1228904724121
1676007365.1366298,densenet121,224,cuda,000000000155.jpg,140.08450508117676
1676007365.1366298,densenet121,224,cuda,000000000161.jpg,179.9032688140869
1676007365.1366298,densenet121,224,cuda,000000000171.jpg,135.87617874145508
1676007365.1366298,densenet121,224,cuda,000000000178.jpg,180.09424209594727
